{
    //MUST MATCH SAME INFO FROM KEYBOARD.JSON TO WORK
    "name": "", // Enter your name or project name here
    "vendorId": "0x0000", // Replace "0000"  with your initials in hexadecimal form
    "productId": "0x0000", // Replace "0000" with any  identifier for your macropad in hexadecimal form
    "matrix": {
        "rows": 5,
        "cols": 4
    },
    "layouts": {
        "keymap": [
            ["0,0", "0,1", "0,2", "0,3"],
            ["1,0", "1,1", "1,2", "1,3"],
            ["2,0", "2,1", "2,2", "2,3"],
            ["3,0", "3,1", "3,2", "3,3"],
            ["4,0", "4,1", "4,2", "4,3"]
        ]
    }
}
